﻿<?xml version="1.0" encoding="utf-8"?>
<DisplayDriverUninstaller Version="18.0.7.6">
	<LogEntries>
		<Event>
			<Time>6/27/2024 7:06:53 PM</Time>
			<Message>The following paths are detected.</Message>
			<Values Separator=" = ">
				<KvP>
					<Key>[Found] AppExeFile</Key>
					<Value>C:\Users\Administrator\Desktop\NVIDIA Optimization - Xilly 2024\1. Uninstall Current GPU drivers PROPERLY\DDU v18.0.7.6\Display Driver Uninstaller.exe</Value>
				</KvP>
				<KvP>
					<Key>[Found] AppBase</Key>
					<Value>C:\Users\Administrator\Desktop\NVIDIA Optimization - Xilly 2024\1. Uninstall Current GPU drivers PROPERLY\DDU v18.0.7.6\</Value>
				</KvP>
				<KvP>
					<Key>[Found] Settings</Key>
					<Value>C:\Users\Administrator\Desktop\NVIDIA Optimization - Xilly 2024\1. Uninstall Current GPU drivers PROPERLY\DDU v18.0.7.6\Settings\</Value>
				</KvP>
				<KvP>
					<Key>[Found] Logs</Key>
					<Value>C:\Users\Administrator\Desktop\NVIDIA Optimization - Xilly 2024\1. Uninstall Current GPU drivers PROPERLY\DDU v18.0.7.6\DDU Logs\</Value>
				</KvP>
				<KvP>
					<Key>[Found] Language</Key>
					<Value>C:\Users\Administrator\Desktop\NVIDIA Optimization - Xilly 2024\1. Uninstall Current GPU drivers PROPERLY\DDU v18.0.7.6\Settings\Languages\</Value>
				</KvP>
				<KvP />
				<KvP>
					<Key>[Found] ProgramFiles</Key>
					<Value>C:\Program Files\</Value>
				</KvP>
				<KvP>
					<Key>[Found] ProgramFilesx86</Key>
					<Value>C:\Program Files (x86)\</Value>
				</KvP>
				<KvP />
				<KvP>
					<Key>[Found] Roaming</Key>
					<Value>C:\ProgramData\</Value>
				</KvP>
				<KvP>
					<Key>[Not found] AppBaseRoaming</Key>
					<Value>C:\ProgramData\DisplayDriverUninstaller\</Value>
				</KvP>
				<KvP />
				<KvP>
					<Key>[Found] SystemDrive</Key>
					<Value>C:\</Value>
				</KvP>
				<KvP>
					<Key>[Found] WinDir</Key>
					<Value>C:\Windows\</Value>
				</KvP>
				<KvP>
					<Key>[Found] UserPath</Key>
					<Value>C:\Users\</Value>
				</KvP>
				<KvP>
					<Key>[Found] System32</Key>
					<Value>C:\Windows\system32\</Value>
				</KvP>
				<KvP>
					<Key>[Found] SysWOW64</Key>
					<Value>C:\Windows\SysWOW64\</Value>
				</KvP>
			</Values>
		</Event>
		<Event>
			<Time>6/27/2024 7:06:58 PM</Time>
			<Message>System Information</Message>
			<Values Separator=" : ">
				<KvP>
					<Key>DDU Version</Key>
					<Value>18.0.7.6</Value>
				</KvP>
				<KvP>
					<Key>OS</Key>
					<Value>Windows 10</Value>
				</KvP>
				<KvP>
					<Key>Win 10 1809+ ?</Key>
					<Value>True</Value>
				</KvP>
				<KvP>
					<Key>Architecture</Key>
					<Value>x64</Value>
				</KvP>
				<KvP>
					<Key>UserRights</Key>
					<Value>Admin</Value>
				</KvP>
				<KvP>
					<Key>Arguments</Key>
					<Value>&lt;empty&gt;</Value>
				</KvP>
				<KvP />
				<KvP>
					<Key>GPU #0000</Key>
					<Value>NVIDIA GeForce RTX 4070 Ti SUPER</Value>
				</KvP>
				<KvP>
					<Key>GPU DeviceID</Key>
					<Value>pci\ven_10de&amp;dev_2705</Value>
				</KvP>
				<KvP>
					<Key>Vbios</Key>
					<Value>Version95 03.45.40.36</Value>
				</KvP>
				<KvP>
					<Key>Detected Driver(s) Version(s)</Key>
					<Value>32.0.15.5585</Value>
				</KvP>
				<KvP>
					<Key>INF name</Key>
					<Value>oem96.inf</Value>
				</KvP>
				<KvP>
					<Key>INF section</Key>
					<Value>Section079</Value>
				</KvP>
				<KvP />
			</Values>
		</Event>
		<Warning>
			<Time>6/27/2024 7:06:58 PM</Time>
			<Message>We are not in Safe Mode</Message>
		</Warning>
		<Event>
			<Time>6/27/2024 7:06:58 PM</Time>
			<Message>The following third-party driver packages are installed on this computer</Message>
			<Values Separator=" = ">
				<KvP>
					<Value>C:\Windows\inf\oem0.inf</Value>
				</KvP>
				<KvP>
					<Key>Provider</Key>
					<Value>Intel</Value>
				</KvP>
				<KvP>
					<Key>Class</Key>
					<Value>Net</Value>
				</KvP>
				<KvP />
				<KvP>
					<Value>C:\Windows\inf\oem1.inf</Value>
				</KvP>
				<KvP>
					<Key>Provider</Key>
					<Value>Intel</Value>
				</KvP>
				<KvP>
					<Key>Class</Key>
					<Value>Net</Value>
				</KvP>
				<KvP />
				<KvP>
					<Value>C:\Windows\inf\oem10.inf</Value>
				</KvP>
				<KvP>
					<Key>Provider</Key>
					<Value>Intel</Value>
				</KvP>
				<KvP>
					<Key>Class</Key>
					<Value>Net</Value>
				</KvP>
				<KvP />
				<KvP>
					<Value>C:\Windows\inf\oem100.inf</Value>
				</KvP>
				<KvP>
					<Key>Provider</Key>
					<Value>Nefarius Software Solutions e.U.</Value>
				</KvP>
				<KvP>
					<Key>Class</Key>
					<Value>System</Value>
				</KvP>
				<KvP />
				<KvP>
					<Value>C:\Windows\inf\oem101.inf</Value>
				</KvP>
				<KvP>
					<Key>Provider</Key>
					<Value>Nefarius Software Solutions e.U.</Value>
				</KvP>
				<KvP>
					<Key>Class</Key>
					<Value>System</Value>
				</KvP>
				<KvP />
				<KvP>
					<Value>C:\Windows\inf\oem102.inf</Value>
				</KvP>
				<KvP>
					<Key>Provider</Key>
					<Value>Microsoft</Value>
				</KvP>
				<KvP>
					<Key>Class</Key>
					<Value>XnaComposite</Value>
				</KvP>
				<KvP />
				<KvP>
					<Value>C:\Windows\inf\oem103.inf</Value>
				</KvP>
				<KvP>
					<Key>Provider</Key>
					<Value>Skowsand Tecnologia LTDA</Value>
				</KvP>
				<KvP>
					<Key>Class</Key>
					<Value>NetService</Value>
				</KvP>
				<KvP />
				<KvP>
					<Value>C:\Windows\inf\oem104.inf</Value>
				</KvP>
				<KvP>
					<Key>Provider</Key>
					<Value>SteelSeries</Value>
				</KvP>
				<KvP>
					<Key>Class</Key>
					<Value>System</Value>
				</KvP>
				<KvP />
				<KvP>
					<Value>C:\Windows\inf\oem105.inf</Value>
				</KvP>
				<KvP>
					<Key>Provider</Key>
					<Value>SteelSeries ApS</Value>
				</KvP>
				<KvP>
					<Key>Class</Key>
					<Value>HIDClass</Value>
				</KvP>
				<KvP />
				<KvP>
					<Value>C:\Windows\inf\oem106.inf</Value>
				</KvP>
				<KvP>
					<Key>Provider</Key>
					<Value>SteelSeries ApS</Value>
				</KvP>
				<KvP>
					<Key>Class</Key>
					<Value>HIDClass</Value>
				</KvP>
				<KvP />
				<KvP>
					<Value>C:\Windows\inf\oem107.inf</Value>
				</KvP>
				<KvP>
					<Key>Provider</Key>
					<Value>SteelSeries ApS</Value>
				</KvP>
				<KvP>
					<Key>Class</Key>
					<Value>MEDIA</Value>
				</KvP>
				<KvP />
				<KvP>
					<Value>C:\Windows\inf\oem108.inf</Value>
				</KvP>
				<KvP>
					<Key>Provider</Key>
					<Value>SteelSeries ApS</Value>
				</KvP>
				<KvP>
					<Key>Class</Key>
					<Value>AudioProcessingObject</Value>
				</KvP>
				<KvP />
				<KvP>
					<Value>C:\Windows\inf\oem109.inf</Value>
				</KvP>
				<KvP>
					<Key>Provider</Key>
					<Value>SteelSeries ApS</Value>
				</KvP>
				<KvP>
					<Key>Class</Key>
					<Value>Extension</Value>
				</KvP>
				<KvP />
				<KvP>
					<Value>C:\Windows\inf\oem11.inf</Value>
				</KvP>
				<KvP>
					<Key>Provider</Key>
					<Value>Intel</Value>
				</KvP>
				<KvP>
					<Key>Class</Key>
					<Value>Net</Value>
				</KvP>
				<KvP />
				<KvP>
					<Value>C:\Windows\inf\oem110.inf</Value>
				</KvP>
				<KvP>
					<Key>Provider</Key>
					<Value>OpenVPN, Inc</Value>
				</KvP>
				<KvP>
					<Key>Class</Key>
					<Value>Net</Value>
				</KvP>
				<KvP />
				<KvP>
					<Value>C:\Windows\inf\oem111.inf</Value>
				</KvP>
				<KvP>
					<Key>Provider</Key>
					<Value>TAP-NordVPN Windows Provider V9</Value>
				</KvP>
				<KvP>
					<Key>Class</Key>
					<Value>Net</Value>
				</KvP>
				<KvP />
				<KvP>
					<Value>C:\Windows\inf\oem112.inf</Value>
				</KvP>
				<KvP>
					<Key>Provider</Key>
					<Value>WireGuard LLC</Value>
				</KvP>
				<KvP>
					<Key>Class</Key>
					<Value>Net</Value>
				</KvP>
				<KvP />
				<KvP>
					<Value>C:\Windows\inf\oem113.inf</Value>
				</KvP>
				<KvP>
					<Key>Provider</Key>
					<Value>NordVPN</Value>
				</KvP>
				<KvP>
					<Key>Class</Key>
					<Value>NetService</Value>
				</KvP>
				<KvP />
				<KvP>
					<Value>C:\Windows\inf\oem12.inf</Value>
				</KvP>
				<KvP>
					<Key>Provider</Key>
					<Value>Intel</Value>
				</KvP>
				<KvP>
					<Key>Class</Key>
					<Value>Net</Value>
				</KvP>
				<KvP />
				<KvP>
					<Value>C:\Windows\inf\oem13.inf</Value>
				</KvP>
				<KvP>
					<Key>Provider</Key>
					<Value>Intel</Value>
				</KvP>
				<KvP>
					<Key>Class</Key>
					<Value>Net</Value>
				</KvP>
				<KvP />
				<KvP>
					<Value>C:\Windows\inf\oem14.inf</Value>
				</KvP>
				<KvP>
					<Key>Provider</Key>
					<Value>Intel</Value>
				</KvP>
				<KvP>
					<Key>Class</Key>
					<Value>Net</Value>
				</KvP>
				<KvP />
				<KvP>
					<Value>C:\Windows\inf\oem15.inf</Value>
				</KvP>
				<KvP>
					<Key>Provider</Key>
					<Value>Intel</Value>
				</KvP>
				<KvP>
					<Key>Class</Key>
					<Value>Net</Value>
				</KvP>
				<KvP />
				<KvP>
					<Value>C:\Windows\inf\oem16.inf</Value>
				</KvP>
				<KvP>
					<Key>Provider</Key>
					<Value>Intel</Value>
				</KvP>
				<KvP>
					<Key>Class</Key>
					<Value>Net</Value>
				</KvP>
				<KvP />
				<KvP>
					<Value>C:\Windows\inf\oem17.inf</Value>
				</KvP>
				<KvP>
					<Key>Provider</Key>
					<Value>Intel</Value>
				</KvP>
				<KvP>
					<Key>Class</Key>
					<Value>Net</Value>
				</KvP>
				<KvP />
				<KvP>
					<Value>C:\Windows\inf\oem18.inf</Value>
				</KvP>
				<KvP>
					<Key>Provider</Key>
					<Value>Intel</Value>
				</KvP>
				<KvP>
					<Key>Class</Key>
					<Value>Net</Value>
				</KvP>
				<KvP />
				<KvP>
					<Value>C:\Windows\inf\oem19.inf</Value>
				</KvP>
				<KvP>
					<Key>Provider</Key>
					<Value>Intel</Value>
				</KvP>
				<KvP>
					<Key>Class</Key>
					<Value>Net</Value>
				</KvP>
				<KvP />
				<KvP>
					<Value>C:\Windows\inf\oem2.inf</Value>
				</KvP>
				<KvP>
					<Key>Provider</Key>
					<Value>Intel</Value>
				</KvP>
				<KvP>
					<Key>Class</Key>
					<Value>Net</Value>
				</KvP>
				<KvP />
				<KvP>
					<Value>C:\Windows\inf\oem20.inf</Value>
				</KvP>
				<KvP>
					<Key>Provider</Key>
					<Value>Intel</Value>
				</KvP>
				<KvP>
					<Key>Class</Key>
					<Value>Net</Value>
				</KvP>
				<KvP />
				<KvP>
					<Value>C:\Windows\inf\oem21.inf</Value>
				</KvP>
				<KvP>
					<Key>Provider</Key>
					<Value>Intel</Value>
				</KvP>
				<KvP>
					<Key>Class</Key>
					<Value>Net</Value>
				</KvP>
				<KvP />
				<KvP>
					<Value>C:\Windows\inf\oem22.inf</Value>
				</KvP>
				<KvP>
					<Key>Provider</Key>
					<Value>Intel</Value>
				</KvP>
				<KvP>
					<Key>Class</Key>
					<Value>Net</Value>
				</KvP>
				<KvP />
				<KvP>
					<Value>C:\Windows\inf\oem23.inf</Value>
				</KvP>
				<KvP>
					<Key>Provider</Key>
					<Value>Intel</Value>
				</KvP>
				<KvP>
					<Key>Class</Key>
					<Value>Net</Value>
				</KvP>
				<KvP />
				<KvP>
					<Value>C:\Windows\inf\oem24.inf</Value>
				</KvP>
				<KvP>
					<Key>Provider</Key>
					<Value>Intel</Value>
				</KvP>
				<KvP>
					<Key>Class</Key>
					<Value>Net</Value>
				</KvP>
				<KvP />
				<KvP>
					<Value>C:\Windows\inf\oem25.inf</Value>
				</KvP>
				<KvP>
					<Key>Provider</Key>
					<Value>Intel</Value>
				</KvP>
				<KvP>
					<Key>Class</Key>
					<Value>Net</Value>
				</KvP>
				<KvP />
				<KvP>
					<Value>C:\Windows\inf\oem26.inf</Value>
				</KvP>
				<KvP>
					<Key>Provider</Key>
					<Value>Intel</Value>
				</KvP>
				<KvP>
					<Key>Class</Key>
					<Value>Net</Value>
				</KvP>
				<KvP />
				<KvP>
					<Value>C:\Windows\inf\oem27.inf</Value>
				</KvP>
				<KvP>
					<Key>Provider</Key>
					<Value>Intel</Value>
				</KvP>
				<KvP>
					<Key>Class</Key>
					<Value>Net</Value>
				</KvP>
				<KvP />
				<KvP>
					<Value>C:\Windows\inf\oem28.inf</Value>
				</KvP>
				<KvP>
					<Key>Provider</Key>
					<Value>Intel</Value>
				</KvP>
				<KvP>
					<Key>Class</Key>
					<Value>Net</Value>
				</KvP>
				<KvP />
				<KvP>
					<Value>C:\Windows\inf\oem29.inf</Value>
				</KvP>
				<KvP>
					<Key>Provider</Key>
					<Value>Intel</Value>
				</KvP>
				<KvP>
					<Key>Class</Key>
					<Value>Net</Value>
				</KvP>
				<KvP />
				<KvP>
					<Value>C:\Windows\inf\oem3.inf</Value>
				</KvP>
				<KvP>
					<Key>Provider</Key>
					<Value>Intel</Value>
				</KvP>
				<KvP>
					<Key>Class</Key>
					<Value>Net</Value>
				</KvP>
				<KvP />
				<KvP>
					<Value>C:\Windows\inf\oem30.inf</Value>
				</KvP>
				<KvP>
					<Key>Provider</Key>
					<Value>Intel</Value>
				</KvP>
				<KvP>
					<Key>Class</Key>
					<Value>Net</Value>
				</KvP>
				<KvP />
				<KvP>
					<Value>C:\Windows\inf\oem31.inf</Value>
				</KvP>
				<KvP>
					<Key>Provider</Key>
					<Value>Intel</Value>
				</KvP>
				<KvP>
					<Key>Class</Key>
					<Value>Net</Value>
				</KvP>
				<KvP />
				<KvP>
					<Value>C:\Windows\inf\oem32.inf</Value>
				</KvP>
				<KvP>
					<Key>Provider</Key>
					<Value>Intel</Value>
				</KvP>
				<KvP>
					<Key>Class</Key>
					<Value>Net</Value>
				</KvP>
				<KvP />
				<KvP>
					<Value>C:\Windows\inf\oem33.inf</Value>
				</KvP>
				<KvP>
					<Key>Provider</Key>
					<Value>Intel</Value>
				</KvP>
				<KvP>
					<Key>Class</Key>
					<Value>Net</Value>
				</KvP>
				<KvP />
				<KvP>
					<Value>C:\Windows\inf\oem34.inf</Value>
				</KvP>
				<KvP>
					<Key>Provider</Key>
					<Value>Intel</Value>
				</KvP>
				<KvP>
					<Key>Class</Key>
					<Value>Net</Value>
				</KvP>
				<KvP />
				<KvP>
					<Value>C:\Windows\inf\oem35.inf</Value>
				</KvP>
				<KvP>
					<Key>Provider</Key>
					<Value>Intel</Value>
				</KvP>
				<KvP>
					<Key>Class</Key>
					<Value>Net</Value>
				</KvP>
				<KvP />
				<KvP>
					<Value>C:\Windows\inf\oem36.inf</Value>
				</KvP>
				<KvP>
					<Key>Provider</Key>
					<Value>Intel</Value>
				</KvP>
				<KvP>
					<Key>Class</Key>
					<Value>Net</Value>
				</KvP>
				<KvP />
				<KvP>
					<Value>C:\Windows\inf\oem37.inf</Value>
				</KvP>
				<KvP>
					<Key>Provider</Key>
					<Value>Intel</Value>
				</KvP>
				<KvP>
					<Key>Class</Key>
					<Value>Net</Value>
				</KvP>
				<KvP />
				<KvP>
					<Value>C:\Windows\inf\oem38.inf</Value>
				</KvP>
				<KvP>
					<Key>Provider</Key>
					<Value>Intel</Value>
				</KvP>
				<KvP>
					<Key>Class</Key>
					<Value>Net</Value>
				</KvP>
				<KvP />
				<KvP>
					<Value>C:\Windows\inf\oem39.inf</Value>
				</KvP>
				<KvP>
					<Key>Provider</Key>
					<Value>Intel</Value>
				</KvP>
				<KvP>
					<Key>Class</Key>
					<Value>Net</Value>
				</KvP>
				<KvP />
				<KvP>
					<Value>C:\Windows\inf\oem4.inf</Value>
				</KvP>
				<KvP>
					<Key>Provider</Key>
					<Value>Intel</Value>
				</KvP>
				<KvP>
					<Key>Class</Key>
					<Value>Net</Value>
				</KvP>
				<KvP />
				<KvP>
					<Value>C:\Windows\inf\oem40.inf</Value>
				</KvP>
				<KvP>
					<Key>Provider</Key>
					<Value>Intel</Value>
				</KvP>
				<KvP>
					<Key>Class</Key>
					<Value>Net</Value>
				</KvP>
				<KvP />
				<KvP>
					<Value>C:\Windows\inf\oem41.inf</Value>
				</KvP>
				<KvP>
					<Key>Provider</Key>
					<Value>Intel</Value>
				</KvP>
				<KvP>
					<Key>Class</Key>
					<Value>Net</Value>
				</KvP>
				<KvP />
				<KvP>
					<Value>C:\Windows\inf\oem42.inf</Value>
				</KvP>
				<KvP>
					<Key>Provider</Key>
					<Value>Intel</Value>
				</KvP>
				<KvP>
					<Key>Class</Key>
					<Value>Net</Value>
				</KvP>
				<KvP />
				<KvP>
					<Value>C:\Windows\inf\oem43.inf</Value>
				</KvP>
				<KvP>
					<Key>Provider</Key>
					<Value>Intel</Value>
				</KvP>
				<KvP>
					<Key>Class</Key>
					<Value>Net</Value>
				</KvP>
				<KvP />
				<KvP>
					<Value>C:\Windows\inf\oem44.inf</Value>
				</KvP>
				<KvP>
					<Key>Provider</Key>
					<Value>Intel</Value>
				</KvP>
				<KvP>
					<Key>Class</Key>
					<Value>Net</Value>
				</KvP>
				<KvP />
				<KvP>
					<Value>C:\Windows\inf\oem45.inf</Value>
				</KvP>
				<KvP>
					<Key>Provider</Key>
					<Value>Intel</Value>
				</KvP>
				<KvP>
					<Key>Class</Key>
					<Value>Net</Value>
				</KvP>
				<KvP />
				<KvP>
					<Value>C:\Windows\inf\oem46.inf</Value>
				</KvP>
				<KvP>
					<Key>Provider</Key>
					<Value>Intel</Value>
				</KvP>
				<KvP>
					<Key>Class</Key>
					<Value>Net</Value>
				</KvP>
				<KvP />
				<KvP>
					<Value>C:\Windows\inf\oem47.inf</Value>
				</KvP>
				<KvP>
					<Key>Provider</Key>
					<Value>Intel</Value>
				</KvP>
				<KvP>
					<Key>Class</Key>
					<Value>Net</Value>
				</KvP>
				<KvP />
				<KvP>
					<Value>C:\Windows\inf\oem48.inf</Value>
				</KvP>
				<KvP>
					<Key>Provider</Key>
					<Value>Intel</Value>
				</KvP>
				<KvP>
					<Key>Class</Key>
					<Value>Net</Value>
				</KvP>
				<KvP />
				<KvP>
					<Value>C:\Windows\inf\oem49.inf</Value>
				</KvP>
				<KvP>
					<Key>Provider</Key>
					<Value>Intel</Value>
				</KvP>
				<KvP>
					<Key>Class</Key>
					<Value>Net</Value>
				</KvP>
				<KvP />
				<KvP>
					<Value>C:\Windows\inf\oem5.inf</Value>
				</KvP>
				<KvP>
					<Key>Provider</Key>
					<Value>Intel</Value>
				</KvP>
				<KvP>
					<Key>Class</Key>
					<Value>Net</Value>
				</KvP>
				<KvP />
				<KvP>
					<Value>C:\Windows\inf\oem50.inf</Value>
				</KvP>
				<KvP>
					<Key>Provider</Key>
					<Value>Intel</Value>
				</KvP>
				<KvP>
					<Key>Class</Key>
					<Value>Net</Value>
				</KvP>
				<KvP />
				<KvP>
					<Value>C:\Windows\inf\oem51.inf</Value>
				</KvP>
				<KvP>
					<Key>Provider</Key>
					<Value>Intel</Value>
				</KvP>
				<KvP>
					<Key>Class</Key>
					<Value>Net</Value>
				</KvP>
				<KvP />
				<KvP>
					<Value>C:\Windows\inf\oem52.inf</Value>
				</KvP>
				<KvP>
					<Key>Provider</Key>
					<Value>Intel</Value>
				</KvP>
				<KvP>
					<Key>Class</Key>
					<Value>Net</Value>
				</KvP>
				<KvP />
				<KvP>
					<Value>C:\Windows\inf\oem53.inf</Value>
				</KvP>
				<KvP>
					<Key>Provider</Key>
					<Value>Intel</Value>
				</KvP>
				<KvP>
					<Key>Class</Key>
					<Value>Net</Value>
				</KvP>
				<KvP />
				<KvP>
					<Value>C:\Windows\inf\oem54.inf</Value>
				</KvP>
				<KvP>
					<Key>Provider</Key>
					<Value>Intel</Value>
				</KvP>
				<KvP>
					<Key>Class</Key>
					<Value>Net</Value>
				</KvP>
				<KvP />
				<KvP>
					<Value>C:\Windows\inf\oem55.inf</Value>
				</KvP>
				<KvP>
					<Key>Provider</Key>
					<Value>Intel</Value>
				</KvP>
				<KvP>
					<Key>Class</Key>
					<Value>Net</Value>
				</KvP>
				<KvP />
				<KvP>
					<Value>C:\Windows\inf\oem56.inf</Value>
				</KvP>
				<KvP>
					<Key>Provider</Key>
					<Value>Intel</Value>
				</KvP>
				<KvP>
					<Key>Class</Key>
					<Value>Net</Value>
				</KvP>
				<KvP />
				<KvP>
					<Value>C:\Windows\inf\oem57.inf</Value>
				</KvP>
				<KvP>
					<Key>Provider</Key>
					<Value>Intel</Value>
				</KvP>
				<KvP>
					<Key>Class</Key>
					<Value>Net</Value>
				</KvP>
				<KvP />
				<KvP>
					<Value>C:\Windows\inf\oem58.inf</Value>
				</KvP>
				<KvP>
					<Key>Provider</Key>
					<Value>Intel</Value>
				</KvP>
				<KvP>
					<Key>Class</Key>
					<Value>Net</Value>
				</KvP>
				<KvP />
				<KvP>
					<Value>C:\Windows\inf\oem59.inf</Value>
				</KvP>
				<KvP>
					<Key>Provider</Key>
					<Value>Intel</Value>
				</KvP>
				<KvP>
					<Key>Class</Key>
					<Value>Net</Value>
				</KvP>
				<KvP />
				<KvP>
					<Value>C:\Windows\inf\oem6.inf</Value>
				</KvP>
				<KvP>
					<Key>Provider</Key>
					<Value>Intel</Value>
				</KvP>
				<KvP>
					<Key>Class</Key>
					<Value>Net</Value>
				</KvP>
				<KvP />
				<KvP>
					<Value>C:\Windows\inf\oem60.inf</Value>
				</KvP>
				<KvP>
					<Key>Provider</Key>
					<Value>Intel</Value>
				</KvP>
				<KvP>
					<Key>Class</Key>
					<Value>Net</Value>
				</KvP>
				<KvP />
				<KvP>
					<Value>C:\Windows\inf\oem61.inf</Value>
				</KvP>
				<KvP>
					<Key>Provider</Key>
					<Value>Intel</Value>
				</KvP>
				<KvP>
					<Key>Class</Key>
					<Value>Net</Value>
				</KvP>
				<KvP />
				<KvP>
					<Value>C:\Windows\inf\oem62.inf</Value>
				</KvP>
				<KvP>
					<Key>Provider</Key>
					<Value>Intel</Value>
				</KvP>
				<KvP>
					<Key>Class</Key>
					<Value>Net</Value>
				</KvP>
				<KvP />
				<KvP>
					<Value>C:\Windows\inf\oem63.inf</Value>
				</KvP>
				<KvP>
					<Key>Provider</Key>
					<Value>Intel</Value>
				</KvP>
				<KvP>
					<Key>Class</Key>
					<Value>Net</Value>
				</KvP>
				<KvP />
				<KvP>
					<Value>C:\Windows\inf\oem64.inf</Value>
				</KvP>
				<KvP>
					<Key>Provider</Key>
					<Value>Intel</Value>
				</KvP>
				<KvP>
					<Key>Class</Key>
					<Value>Net</Value>
				</KvP>
				<KvP />
				<KvP>
					<Value>C:\Windows\inf\oem65.inf</Value>
				</KvP>
				<KvP>
					<Key>Provider</Key>
					<Value>Intel</Value>
				</KvP>
				<KvP>
					<Key>Class</Key>
					<Value>Net</Value>
				</KvP>
				<KvP />
				<KvP>
					<Value>C:\Windows\inf\oem66.inf</Value>
				</KvP>
				<KvP>
					<Key>Provider</Key>
					<Value>Intel</Value>
				</KvP>
				<KvP>
					<Key>Class</Key>
					<Value>Net</Value>
				</KvP>
				<KvP />
				<KvP>
					<Value>C:\Windows\inf\oem67.inf</Value>
				</KvP>
				<KvP>
					<Key>Provider</Key>
					<Value>Intel</Value>
				</KvP>
				<KvP>
					<Key>Class</Key>
					<Value>Net</Value>
				</KvP>
				<KvP />
				<KvP>
					<Value>C:\Windows\inf\oem68.inf</Value>
				</KvP>
				<KvP>
					<Key>Provider</Key>
					<Value>Intel</Value>
				</KvP>
				<KvP>
					<Key>Class</Key>
					<Value>Net</Value>
				</KvP>
				<KvP />
				<KvP>
					<Value>C:\Windows\inf\oem69.inf</Value>
				</KvP>
				<KvP>
					<Key>Provider</Key>
					<Value>Intel</Value>
				</KvP>
				<KvP>
					<Key>Class</Key>
					<Value>Net</Value>
				</KvP>
				<KvP />
				<KvP>
					<Value>C:\Windows\inf\oem7.inf</Value>
				</KvP>
				<KvP>
					<Key>Provider</Key>
					<Value>Intel</Value>
				</KvP>
				<KvP>
					<Key>Class</Key>
					<Value>Net</Value>
				</KvP>
				<KvP />
				<KvP>
					<Value>C:\Windows\inf\oem70.inf</Value>
				</KvP>
				<KvP>
					<Key>Provider</Key>
					<Value>Intel</Value>
				</KvP>
				<KvP>
					<Key>Class</Key>
					<Value>Net</Value>
				</KvP>
				<KvP />
				<KvP>
					<Value>C:\Windows\inf\oem71.inf</Value>
				</KvP>
				<KvP>
					<Key>Provider</Key>
					<Value>Intel</Value>
				</KvP>
				<KvP>
					<Key>Class</Key>
					<Value>Net</Value>
				</KvP>
				<KvP />
				<KvP>
					<Value>C:\Windows\inf\oem72.inf</Value>
				</KvP>
				<KvP>
					<Key>Provider</Key>
					<Value>Intel</Value>
				</KvP>
				<KvP>
					<Key>Class</Key>
					<Value>Net</Value>
				</KvP>
				<KvP />
				<KvP>
					<Value>C:\Windows\inf\oem73.inf</Value>
				</KvP>
				<KvP>
					<Key>Provider</Key>
					<Value>Intel</Value>
				</KvP>
				<KvP>
					<Key>Class</Key>
					<Value>Net</Value>
				</KvP>
				<KvP />
				<KvP>
					<Value>C:\Windows\inf\oem74.inf</Value>
				</KvP>
				<KvP>
					<Key>Provider</Key>
					<Value>Intel</Value>
				</KvP>
				<KvP>
					<Key>Class</Key>
					<Value>Net</Value>
				</KvP>
				<KvP />
				<KvP>
					<Value>C:\Windows\inf\oem75.inf</Value>
				</KvP>
				<KvP>
					<Key>Provider</Key>
					<Value>Intel</Value>
				</KvP>
				<KvP>
					<Key>Class</Key>
					<Value>Net</Value>
				</KvP>
				<KvP />
				<KvP>
					<Value>C:\Windows\inf\oem76.inf</Value>
				</KvP>
				<KvP>
					<Key>Provider</Key>
					<Value>Intel</Value>
				</KvP>
				<KvP>
					<Key>Class</Key>
					<Value>Net</Value>
				</KvP>
				<KvP />
				<KvP>
					<Value>C:\Windows\inf\oem77.inf</Value>
				</KvP>
				<KvP>
					<Key>Provider</Key>
					<Value>Intel</Value>
				</KvP>
				<KvP>
					<Key>Class</Key>
					<Value>Net</Value>
				</KvP>
				<KvP />
				<KvP>
					<Value>C:\Windows\inf\oem78.inf</Value>
				</KvP>
				<KvP>
					<Key>Provider</Key>
					<Value>Intel</Value>
				</KvP>
				<KvP>
					<Key>Class</Key>
					<Value>Net</Value>
				</KvP>
				<KvP />
				<KvP>
					<Value>C:\Windows\inf\oem79.inf</Value>
				</KvP>
				<KvP>
					<Key>Provider</Key>
					<Value>Intel</Value>
				</KvP>
				<KvP>
					<Key>Class</Key>
					<Value>Net</Value>
				</KvP>
				<KvP />
				<KvP>
					<Value>C:\Windows\inf\oem8.inf</Value>
				</KvP>
				<KvP>
					<Key>Provider</Key>
					<Value>Intel</Value>
				</KvP>
				<KvP>
					<Key>Class</Key>
					<Value>Net</Value>
				</KvP>
				<KvP />
				<KvP>
					<Value>C:\Windows\inf\oem80.inf</Value>
				</KvP>
				<KvP>
					<Key>Provider</Key>
					<Value>Intel</Value>
				</KvP>
				<KvP>
					<Key>Class</Key>
					<Value>Net</Value>
				</KvP>
				<KvP />
				<KvP>
					<Value>C:\Windows\inf\oem81.inf</Value>
				</KvP>
				<KvP>
					<Key>Provider</Key>
					<Value>Intel</Value>
				</KvP>
				<KvP>
					<Key>Class</Key>
					<Value>Net</Value>
				</KvP>
				<KvP />
				<KvP>
					<Value>C:\Windows\inf\oem82.inf</Value>
				</KvP>
				<KvP>
					<Key>Provider</Key>
					<Value>Realtek</Value>
				</KvP>
				<KvP>
					<Key>Class</Key>
					<Value>Net</Value>
				</KvP>
				<KvP />
				<KvP>
					<Value>C:\Windows\inf\oem83.inf</Value>
				</KvP>
				<KvP>
					<Key>Provider</Key>
					<Value>Realtek</Value>
				</KvP>
				<KvP>
					<Key>Class</Key>
					<Value>Net</Value>
				</KvP>
				<KvP />
				<KvP>
					<Value>C:\Windows\inf\oem84.inf</Value>
				</KvP>
				<KvP>
					<Key>Provider</Key>
					<Value>Realtek</Value>
				</KvP>
				<KvP>
					<Key>Class</Key>
					<Value>Net</Value>
				</KvP>
				<KvP />
				<KvP>
					<Value>C:\Windows\inf\oem85.inf</Value>
				</KvP>
				<KvP>
					<Key>Provider</Key>
					<Value>Realtek</Value>
				</KvP>
				<KvP>
					<Key>Class</Key>
					<Value>Net</Value>
				</KvP>
				<KvP />
				<KvP>
					<Value>C:\Windows\inf\oem86.inf</Value>
				</KvP>
				<KvP>
					<Key>Provider</Key>
					<Value>Realtek</Value>
				</KvP>
				<KvP>
					<Key>Class</Key>
					<Value>Net</Value>
				</KvP>
				<KvP />
				<KvP>
					<Value>C:\Windows\inf\oem87.inf</Value>
				</KvP>
				<KvP>
					<Key>Provider</Key>
					<Value>Realtek</Value>
				</KvP>
				<KvP>
					<Key>Class</Key>
					<Value>Net</Value>
				</KvP>
				<KvP />
				<KvP>
					<Value>C:\Windows\inf\oem88.inf</Value>
				</KvP>
				<KvP>
					<Key>Provider</Key>
					<Value>Realtek</Value>
				</KvP>
				<KvP>
					<Key>Class</Key>
					<Value>Net</Value>
				</KvP>
				<KvP />
				<KvP>
					<Value>C:\Windows\inf\oem89.inf</Value>
				</KvP>
				<KvP>
					<Key>Provider</Key>
					<Value>Realtek</Value>
				</KvP>
				<KvP>
					<Key>Class</Key>
					<Value>Net</Value>
				</KvP>
				<KvP />
				<KvP>
					<Value>C:\Windows\inf\oem9.inf</Value>
				</KvP>
				<KvP>
					<Key>Provider</Key>
					<Value>Intel</Value>
				</KvP>
				<KvP>
					<Key>Class</Key>
					<Value>Net</Value>
				</KvP>
				<KvP />
				<KvP>
					<Value>C:\Windows\inf\oem90.inf</Value>
				</KvP>
				<KvP>
					<Key>Provider</Key>
					<Value>Realtek</Value>
				</KvP>
				<KvP>
					<Key>Class</Key>
					<Value>Net</Value>
				</KvP>
				<KvP />
				<KvP>
					<Value>C:\Windows\inf\oem91.inf</Value>
				</KvP>
				<KvP>
					<Key>Provider</Key>
					<Value>Realtek</Value>
				</KvP>
				<KvP>
					<Key>Class</Key>
					<Value>Net</Value>
				</KvP>
				<KvP />
				<KvP>
					<Value>C:\Windows\inf\oem92.inf</Value>
				</KvP>
				<KvP>
					<Key>Provider</Key>
					<Value>Realtek Semiconductor Corp.</Value>
				</KvP>
				<KvP>
					<Key>Class</Key>
					<Value>Net</Value>
				</KvP>
				<KvP />
				<KvP>
					<Value>C:\Windows\inf\oem93.inf</Value>
				</KvP>
				<KvP>
					<Key>Provider</Key>
					<Value>Intel</Value>
				</KvP>
				<KvP>
					<Key>Class</Key>
					<Value>Net</Value>
				</KvP>
				<KvP />
				<KvP>
					<Value>C:\Windows\inf\oem94.inf</Value>
				</KvP>
				<KvP>
					<Key>Provider</Key>
					<Value>Microsoft</Value>
				</KvP>
				<KvP>
					<Key>Class</Key>
					<Value>Printer</Value>
				</KvP>
				<KvP />
				<KvP>
					<Value>C:\Windows\inf\oem95.inf</Value>
				</KvP>
				<KvP>
					<Key>Provider</Key>
					<Value>Microsoft</Value>
				</KvP>
				<KvP>
					<Key>Class</Key>
					<Value>Printer</Value>
				</KvP>
				<KvP />
				<KvP>
					<Value>C:\Windows\inf\oem96.inf</Value>
				</KvP>
				<KvP>
					<Key>Provider</Key>
					<Value>NVIDIA</Value>
				</KvP>
				<KvP>
					<Key>Class</Key>
					<Value>Display</Value>
				</KvP>
				<KvP />
				<KvP>
					<Value>C:\Windows\inf\oem97.inf</Value>
				</KvP>
				<KvP>
					<Key>Provider</Key>
					<Value>Intel</Value>
				</KvP>
				<KvP>
					<Key>Class</Key>
					<Value>net</Value>
				</KvP>
				<KvP />
				<KvP>
					<Value>C:\Windows\inf\oem98.inf</Value>
				</KvP>
				<KvP>
					<Key>Provider</Key>
					<Value>Intel</Value>
				</KvP>
				<KvP>
					<Key>Class</Key>
					<Value>net</Value>
				</KvP>
				<KvP />
				<KvP>
					<Value>C:\Windows\inf\oem99.inf</Value>
				</KvP>
				<KvP>
					<Key>Provider</Key>
					<Value>Intel</Value>
				</KvP>
				<KvP>
					<Key>Class</Key>
					<Value>net</Value>
				</KvP>
				<KvP />
			</Values>
		</Event>
		<Event>
			<Time>6/27/2024 7:06:59 PM</Time>
			<Message>Trying to impersonate the SYSTEM account... SUCCESS !</Message>
			<Values Separator=" : ">
				<KvP>
					<Key>Number of process to check</Key>
					<Value>107</Value>
				</KvP>
				<KvP>
					<Key>MSIAfterburner</Key>
					<Value>Skipping : S-1-5-21-3139053417-3615838064-3322516387-500</Value>
				</KvP>
				<KvP>
					<Key>brave</Key>
					<Value>Skipping : S-1-5-21-3139053417-3615838064-3322516387-500</Value>
				</KvP>
				<KvP>
					<Key>brave</Key>
					<Value>Skipping : S-1-5-21-3139053417-3615838064-3322516387-500</Value>
				</KvP>
				<KvP>
					<Key>DS4Windows</Key>
					<Value>Skipping : S-1-5-21-3139053417-3615838064-3322516387-500</Value>
				</KvP>
				<KvP>
					<Key>brave</Key>
					<Value>Skipping : S-1-5-21-3139053417-3615838064-3322516387-500</Value>
				</KvP>
				<KvP>
					<Key>wininit</Key>
					<Value>Access is denied</Value>
				</KvP>
				<KvP>
					<Key>Registry</Key>
					<Value>Access is denied</Value>
				</KvP>
				<KvP>
					<Key>svchost</Key>
					<Value>S-1-5-18</Value>
				</KvP>
				<KvP>
					<Key>svchost</Key>
					<Value>SYSTEM account impersonalisation SUCCESS</Value>
				</KvP>
			</Values>
		</Event>
		<Event>
			<Time>6/27/2024 7:06:59 PM</Time>
			<Message>Reverting the Impersonalisation is successful !</Message>
		</Event>
		<Event>
			<Time>6/27/2024 7:07:03 PM</Time>
			<Message>&gt;&gt; Successfully saved log to file!</Message>
		</Event>
	</LogEntries>
</DisplayDriverUninstaller>